date,home_team,away_team,home_score,away_score,tournament,city,country,neutral
2026-09-24,Portugal,Wales,1,0,UEFA Nations League,Lisbon,Portugal,FALSE
2026-09-24,Netherlands,Germany,1,1,UEFA Nations League,Amsterdam,Netherlands,FALSE
2026-09-24,Serbia,Greece,1,2,UEFA Nations League,Belgrade,Serbia,FALSE
2026-09-24,Norway,Denmark,3,2,UEFA Nations League,Oslo,Norway,FALSE
2026-09-25,Italy,Belgium,0,2,UEFA Nations League,Rome,Italy,FALSE
2026-09-25,Turkey,France,0,1,UEFA Nations League,Istanbul,Turkey,FALSE
2026-09-26,Slovenia,Scotland,0,0,UEFA Nations League,Ljubljana,Slovenia,FALSE
2026-09-26,Faroe Islands,Kazakhstan,1,1,UEFA Nations League,Torshavn,Faroe Islands,FALSE
2026-09-26,Iceland,Estonia,1,1,UEFA Nations League,Reykjavik,Iceland,FALSE
2026-09-26,Bulgaria,Luxembourg,1,2,UEFA Nations League,Plovdiv,Bulgaria,FALSE
2026-09-26,Czech Republic,Croatia,1,2,UEFA Nations League,Prague,Czech Republic,FALSE
2026-09-26,North Macedonia,Switzerland,0,3,UEFA Nations League,Skopje,North Macedonia,FALSE
2026-09-26,England,Spain,2,3,UEFA Nations League,London,England,FALSE
